Unnamed: 0,EventId,Station,SampleDate,SampleTime,Depth,SampleType,SampleReplicateType,Parameter,Qualifier,MeasureValue,Unit,Method,Lab,Problem,PrecisionPC,BiasPC,Details,Latitude,Longitude,geometry,x,y,coastal,blue,green,red,nir08,coastal_n,blue_n,green_n,red_n,nir08_n,datetime,eo:cloud_cover,proj:epsg,view:sun_azimuth,view:sun_elevation,log_chla
3,394410,LE5.1,2013-11-06,09:55:00,1,D,S1,CHLA,,2.53,UG/L,L01,VADCLS,,,,,37.20297,-76.64833,POINT (-76.64833 37.20297),353730.0,4118670.0,0.0022567283950617,0.0166779320987654,0.0494701543209876,0.0352217592592592,-0.0003533950617283,81,81,81,81,81,2013-11-08T15:42:24.810989Z,2.3,32618,161.36655535,33.70210393,0.9282193027394288
5,394671,TF5.6,2014-01-15,12:30:00,1,D,S1,CHLA,,1.64,UG/L,L01,VADCLS,,,,,37.27272,-76.99057,POINT (-76.99057 37.27272),323520.0,4126980.0,0.0358247222222222,0.0443975925925925,0.0810527160493827,0.0973367901234567,0.0211974382716049,81,81,81,81,81,2014-01-18T15:47:59.659437Z,13.56,32618,155.5423974,28.16766098,0.494696241836107
6,394496,TF5.6,2013-12-03,11:50:00,1,D,S1,CHLA,,2.44,UG/L,L01,VADCLS,,,,,37.27272,-76.99057,POINT (-76.99057 37.27272),323520.0,4126980.0,0.0141778086419753,0.0238085802469135,0.0532247530864197,0.0470454012345679,0.0090118827160493,81,81,81,81,81,2013-12-01T15:48:28.292876Z,9.76,32618,161.5119596,28.39152253,0.8919980393051105
21,395379,TF5.6,2015-01-06,11:30:00,1,D,S1,CHLA,,2.97,UG/L,L01,VADCLS,,,,,37.27272,-76.99057,POINT (-76.99057 37.27272),323520.0,4126980.0,0.0279485185185185,0.0364134259259259,0.0624253703703703,0.0578607098765432,0.0125271296296296,81,81,81,81,81,2015-01-05T15:46:53.790263Z,6.92,32618,157.35792007,26.48661194,1.0885619528146082
22,395380,TF5.6,2015-02-03,12:00:00,1,D,S1,CHLA,,1.99,UG/L,L01,VADCLS,,,,,37.27272,-76.99057,POINT (-76.99057 37.27272),323520.0,4126980.0,0.0244855555555555,0.0316742592592592,0.055149074074074,0.0500639506172839,0.0099492592592592,81,81,81,81,81,2015-02-06T15:46:45.651144Z,7.54,32618,152.22834398,32.29035814,0.688134638736401
30,458619,LE5.1,2019-10-24,09:00:00,1,D,S1,CHLA,,6.35,UG/L,L01,VADCLS,,,,,37.20297,-76.64833,POINT (-76.64833 37.20297),353730.0,4118670.0,0.013780586419753,0.0216320061728395,0.0426528703703703,0.0225928086419753,-0.0011016666666666,81,81,81,81,81,2019-10-24T15:41:03.930653Z,1.19,32618,159.18816445,38.34034027,1.8484548129046001
39,462513,LE5.1,2020-09-01,09:30:00,1,D,S1,CHLA,,3.79,UG/L,L01,VADCLS,,,,,37.20297,-76.64833,POINT (-76.64833 37.20297),353730.0,4118670.0,0.0018472839506172,0.0147339197530864,0.0468016358024691,0.039324012345679,0.0052922530864197,81,81,81,81,81,2020-08-30T15:46:59.543250Z,20.32,32618,141.80657173,55.6759987,1.332366019094335
41,30134,LE5.1,2013-03-20,09:20:00,1,D,S1,CHLA,,3.7,UG/L,L01,VADCLS,,,,,37.20297,-76.64833,POINT (-76.64833 37.20297),353730.0,4118670.0,0.0534021875,0.0689488541666666,0.1043253124999999,0.1050746875,0.0581745833333333,24,24,24,24,24,2013-03-20T15:41:36.157740Z,24.58,32618,146.1090036,47.35992035,1.308332819650179
58,462600,TF5.6,2020-09-01,11:40:00,1,D,FS1,CHLA,,12.4,UG/L,L01,VADCLS,,,,,37.27272,-76.99057,POINT (-76.99057 37.27272),323520.0,4126980.0,0.0150092592592592,0.0231037654320987,0.0481878395061728,0.0509918209876543,0.0184525308641975,81,81,81,81,81,2020-08-30T15:46:59.543250Z,20.32,32618,141.80657173,55.6759987,2.517696472610991
59,462600,TF5.6,2020-09-01,11:40:00,1,D,FS2,CHLA,,12.8,UG/L,L01,VADCLS,,,,,37.27272,-76.99057,POINT (-76.99057 37.27272),323520.0,4126980.0,0.0150092592592592,0.0231037654320987,0.0481878395061728,0.0509918209876543,0.0184525308641975,81,81,81,81,81,2020-08-30T15:46:59.543250Z,20.32,32618,141.80657173,55.6759987,2.5494451709255714
65,583881,TF5.6,2021-03-11,10:50:00,1,D,S1,CHLA,,2.3,UG/L,L01,VADCLS,,,,,37.27272,-76.99057,POINT (-76.99057 37.27272),323520.0,4126980.0,0.0429292283950617,0.0505463888888888,0.0826246296296296,0.0789949691358024,0.0160474691358024,81,81,81,81,81,2021-03-10T15:46:44.873861Z,0.03,32618,147.31541771,43.41054681,0.8329091229351039
71,587808,TF5.6,2021-09-02,10:35:00,1,D,S1,CHLA,,28.4,UG/L,L01,VADCLS,,,,,37.27272,-76.99057,POINT (-76.99057 37.27272),323520.0,4126980.0,0.0026804320987654,0.0140766358024691,0.0425873456790123,0.0372095679012345,0.0200794444444444,81,81,81,81,81,2021-09-02T15:47:05.015489Z,9.87,32618,143.03178797,54.91997247,3.3463891451671604
73,596918,TF5.6,2021-11-04,10:55:00,1,D,S1,CHLA,,31.9,UG/L,L01,VADCLS,,,,,37.27272,-76.99057,POINT (-76.99057 37.27272),323520.0,4126980.0,0.0311072839506172,0.0366358024691358,0.0588371296296296,0.0508074691358024,0.0299349691358024,81,81,81,81,81,2021-11-05T15:47:15.526728Z,6.43,32618,160.77726274,34.46436741,3.462606009790799
77,608791,TF5.6,2022-02-09,11:05:00,1,D,S1,CHLA,,18.3,UG/L,L01,VADCLS,,,,,37.27272,-76.99057,POINT (-76.99057 37.27272),323520.0,4126980.0,0.0240958024691358,0.0302866975308641,0.0523169135802469,0.0443656790123456,0.0083586728395061,81,81,81,81,81,2022-02-09T15:46:57.683744Z,0.03,32618,151.77929997,33.25944245,2.9069010598473755
78,621280,TF5.6,2022-07-06,11:10:00,1,D,S1,CHLA,,26.2,UG/L,L01,VADCLS,,,,,37.27272,-76.99057,POINT (-76.99057 37.27272),323520.0,4126980.0,0.0054582716049382,0.0112023765432098,0.0322371604938271,0.0171888888888888,0.0109124382716049,81,81,81,81,81,2022-07-03T15:47:05.643209Z,72.75,32618,121.9756164,66.41841753,3.265759410767051
89,583798,LE5.1,2021-02-04,10:00:00,1,D,S1,CHLA,,2.53,UG/L,L01,VADCLS,,,,,37.20297,-76.64833,POINT (-76.64833 37.20297),353730.0,4118670.0,0.0318769444444444,0.0417002160493827,0.0733421913580247,0.0657311419753086,0.0079308950617283,81,81,81,81,81,2021-02-06T15:46:57.748197Z,36.18,32618,152.21663188,32.4668646,0.9282193027394288
98,429603,TF5.6,2017-03-01,10:50:00,1,D,S1,CHLA,,20.2,UG/L,L01,VADCLS,,,,,37.27272,-76.99057,POINT (-76.99057 37.27272),323520.0,4126980.0,0.0237960185185185,0.0307704938271604,0.0555792283950617,0.0431926851851851,0.0123050925925925,81,81,81,81,81,2017-02-27T15:46:42.953478Z,56.23,32618,148.94069816,39.28330954,3.005682604407159
106,422152,TF5.6,2016-04-14,11:05:00,1,D,S1,CHLA,,14.8,UG/L,L01,VADCLS,,,,,37.27272,-76.99057,POINT (-76.99057 37.27272),323520.0,4126980.0,0.0156594135802469,0.0249961728395061,0.0514684876543209,0.0399806172839506,0.0131304320987654,81,81,81,81,81,2016-04-13T15:46:26.778206Z,0.04,32618,140.95197458,56.19542478,2.6946271807700692
113,415228,TF5.6,2015-09-17,11:30:00,1,D,S1,CHLA,,10.8,UG/L,L01,VADCLS,,,,,37.27272,-76.99057,POINT (-76.99057 37.27272),323520.0,4126980.0,0.0105454320987654,0.0179442901234567,0.0400196604938271,0.0293011111111111,0.0072267592592592,81,81,81,81,81,2015-09-18T15:46:48.349171Z,1.3,32618,149.17346779,50.23592632,2.379546134130174
114,30214,TF5.5A,2013-04-02,12:25:00,1,D,S1,CHLA,,11.2,UG/L,L01,VADCLS,,,,,37.30165,-77.1284,POINT (-77.1284 37.30165),311370.0,4130460.0,0.0004926543209876,0.0114977469135802,0.0432925,0.0427537037037037,0.0063596604938271,81,81,81,81,81,2013-04-02T15:50:17.763832Z,2.12,32618,144.06325479,52.39250975,2.4159137783010487
115,30215,TF5.5,2013-04-02,12:50:00,1,D,S1,CHLA,,6.82,UG/L,L01,VADCLS,,,,,37.31265,-77.23283,POINT (-77.23283 37.31265),302130.0,4131900.0,0.0129039814814814,0.0218611728395061,0.047614074074074,0.0422379938271604,0.0105101234567901,81,81,81,81,81,2013-04-02T15:50:17.763832Z,2.12,32618,144.06325479,52.39250975,1.9198594718553708
123,394411,LE5.1,2013-12-03,09:50:00,1,D,S1,CHLA,,4.04,UG/L,L01,VADCLS,,,,,37.20297,-76.64833,POINT (-76.64833 37.20297),353730.0,4118670.0,0.0107545679012345,0.0197300925925925,0.0416251851851851,0.0205479629629629,-0.0008511111111111,81,81,81,81,81,2013-12-01T15:48:28.292876Z,9.76,32618,161.5119596,28.39152253,1.3962446919730587
126,394554,LE5.1,2014-05-06,10:30:00,1,D,S1,CHLA,,23.7,UG/L,L01,VADCLS,,,,,37.20297,-76.64833,POINT (-76.64833 37.20297),353730.0,4118670.0,0.0196489506172839,0.028163086419753,0.0521590432098765,0.0395796604938271,0.0126079320987654,81,81,81,81,81,2014-05-03T15:40:21.129665Z,28.58,32618,135.60109115,62.06425985,3.1654750481410856
137,415137,LE5.1,2015-07-07,11:00:00,1,D,S1,CHLA,,11.0,UG/L,L01,VADCLS,,,,,37.20297,-76.64833,POINT (-76.64833 37.20297),353730.0,4118670.0,0.0075017592592592,0.0198876234567901,0.0497427777777777,0.0382545679012345,0.0146116975308641,81,81,81,81,81,2015-07-09T15:40:09.955667Z,64.64,32618,122.40895268,65.75315827,2.3978952727983707
139,415139,LE5.1,2015-09-02,10:45:00,1,D,S1,CHLA,,11.3,UG/L,L01,VADCLS,,,,,37.20297,-76.64833,POINT (-76.64833 37.20297),353730.0,4118670.0,0.0025999691358024,0.0158064197530864,0.0596162962962963,0.0334987654320987,0.0354879320987654,81,81,81,81,81,2015-09-02T15:46:39.676433Z,59.7,32618,142.66100215,55.02896622,2.424802725718295
140,416816,LE5.1,2015-05-06,10:00:00,1,D,S1,CHLA,,19.2,UG/L,L01,VADCLS,,,,,37.20297,-76.64833,POINT (-76.64833 37.20297),353730.0,4118670.0,0.0372781481481481,0.0516399382716049,0.0895760185185185,0.0779258641975308,0.0645421913580246,81,81,81,81,81,2015-05-06T15:39:47.603585Z,71.28,32618,134.44930908,62.65192148,2.954910279033736
155,429810,LE5.1,2017-08-01,10:00:00,1,D,S1,CHLA,,15.6,UG/L,L01,VADCLS,,,,,37.20297,-76.64833,POINT (-76.64833 37.20297),353730.0,4118670.0,0.0012718209876543,0.0121292283950617,0.036326512345679,0.0184997222222222,-0.0004752777777777,81,81,81,81,81,2017-07-30T15:40:37.264411Z,12.58,32618,128.45958716,62.74575583,2.747270914255491
156,587629,LE5.1,2021-04-06,09:15:00,1,D,S1,CHLA,,15.5,UG/L,L01,VADCLS,,,,,37.20297,-76.64833,POINT (-76.64833 37.20297),353730.0,4118670.0,0.0441473765432098,0.0464030555555555,0.0610663271604938,0.0501111419753086,0.0189716358024691,81,81,81,81,81,2021-04-04T15:40:25.571088Z,18.07,32618,143.0009455,52.9368095,2.740840023925201
159,587632,LE5.1,2021-07-07,09:00:00,1,D,S1,CHLA,,7.69,UG/L,L01,VADCLS,,,,,37.20297,-76.64833,POINT (-76.64833 37.20297),353730.0,4118670.0,0.0082853395061728,0.0187400925925925,0.0458666358024691,0.0302591975308641,0.0001877777777777,81,81,81,81,81,2021-07-09T15:40:34.569441Z,23.47,32618,122.6571575,65.76701753,2.0399207835175526
165,596831,LE5.1,2021-11-04,09:00:00,1,D,S1,CHLA,,3.1,UG/L,L01,VADCLS,,,,,37.20297,-76.64833,POINT (-76.64833 37.20297),353730.0,4118670.0,0.018828024691358,0.0289341049382716,0.0540599382716049,0.0405180555555555,0.0081261111111111,81,81,81,81,81,2021-11-05T15:47:15.526728Z,6.43,32618,160.77726274,34.46436741,1.1314021114911006
166,596832,LE5.1,2021-12-15,09:00:00,1,D,S1,CHLA,,2.31,UG/L,L01,VADCLS,,,,,37.20297,-76.64833,POINT (-76.64833 37.20297),353730.0,4118670.0,0.0303861728395061,0.0355921604938271,0.0460723765432098,0.0271197839506172,0.0152357098765432,81,81,81,81,81,2021-12-16T15:41:00.470472Z,4.5,32618,160.02474434,26.48927594,0.8372475245337022
169,608607,LE5.1,2022-06-29,08:45:00,1,D,S1,CHLA,,7.58,UG/L,L01,VADCLS,,,,,37.20297,-76.64833,POINT (-76.64833 37.20297),353730.0,4118670.0,0.0157069444444444,0.0247629320987654,0.0497852160493827,0.032040586419753,0.0069351234567901,81,81,81,81,81,2022-06-26T15:40:54.303017Z,13.48,32618,121.73186647,66.93205246,2.0255131996542803
171,608726,LE5.1,2022-02-08,09:00:00,1,D,S1,CHLA,,9.81,UG/L,L01,VADCLS,,,,,37.20297,-76.64833,POINT (-76.64833 37.20297),353730.0,4118670.0,0.0293347222222222,0.0373779629629629,0.065275524691358,0.0549952777777777,0.0094678395061728,81,81,81,81,81,2022-02-09T15:46:57.683744Z,0.03,32618,151.77929997,33.25944245,2.2834022735772717
172,608727,LE5.1,2022-03-16,08:45:00,1,D,S1,CHLA,,18.0,UG/L,L01,VADCLS,,,,,37.20297,-76.64833,POINT (-76.64833 37.20297),353730.0,4118670.0,0.0303094444444444,0.0382538888888888,0.0667598456790123,0.0597347839506172,0.0117004320987654,81,81,81,81,81,2022-03-13T15:46:47.953712Z,1.85,32618,146.87782545,44.46277967,2.8903717578961645
173,621200,LE5.1,2022-08-02,09:15:00,1,D,S1,CHLA,,6.89,UG/L,L01,VADCLS,,,,,37.20297,-76.64833,POINT (-76.64833 37.20297),353730.0,4118670.0,0.0234809567901234,0.0354757098765432,0.0636696604938271,0.0505660802469135,0.0342884567901234,81,81,81,81,81,2022-08-04T15:47:18.288241Z,13.38,32618,130.43026369,61.90793233,1.9300710850255671
175,621202,LE5.1,2022-09-20,09:00:00,1,D,S1,CHLA,,13.2,UG/L,L01,VADCLS,,,,,37.20297,-76.64833,POINT (-76.64833 37.20297),353730.0,4118670.0,0.0198845679012345,0.0229051543209876,0.0348656172839506,0.0199246296296296,0.007840586419753,81,81,81,81,81,2022-09-21T15:47:29.908335Z,2.85,32618,150.57631607,49.2320048,2.580216829592325
181,429811,LE5.1,2017-09-07,09:40:00,1,D,S1,CHLA,,4.52,UG/L,L01,VADCLS,,,,,37.20297,-76.64833,POINT (-76.64833 37.20297),353730.0,4118670.0,0.0002325925925925,0.0145821604938271,0.0489554629629629,0.034864598765432,0.0058979320987654,81,81,81,81,81,2017-09-07T15:46:57.596694Z,1.32,32618,145.0944741,53.47338869,1.5085119938441398
183,447234,LE5.1,2017-11-01,09:40:00,1,D,S1,CHLA,,3.84,UG/L,L01,VADCLS,,,,,37.20297,-76.64833,POINT (-76.64833 37.20297),353730.0,4118670.0,0.0115041975308641,0.0210443209876543,0.0440995061728395,0.0247761728395061,-0.0007071604938271,81,81,81,81,81,2017-11-03T15:40:57.668743Z,0.07,32618,160.53227085,35.05374846,1.3454723665996355
188,449274,LE5.1,2018-05-01,10:00:00,1,D,S1,CHLA,,7.9,UG/L,L01,VADCLS,,,,,37.20297,-76.64833,POINT (-76.64833 37.20297),353730.0,4118670.0,0.0438795061728395,0.0536498148148148,0.0847570679012345,0.0803961111111111,0.0217226543209876,81,81,81,81,81,2018-04-28T15:39:51.572333Z,1.52,32618,136.94258451,60.67680546,2.066862759472976
189,449275,LE5.1,2018-06-05,09:50:00,1,D,S1,CHLA,,6.39,UG/L,L01,VADCLS,,,,,37.20297,-76.64833,POINT (-76.64833 37.20297),353730.0,4118670.0,0.0739553395061728,0.0856054938271605,0.120074537037037,0.1259564814814814,0.0789111111111111,81,81,81,81,81,2018-06-06T15:45:38.016620Z,37.25,32618,124.1464076,66.97443894,1.8547342683894434
190,450458,LE5.1,2018-07-10,09:30:00,1,D,S1,CHLA,,7.03,UG/L,L01,VADCLS,,,,,37.20297,-76.64833,POINT (-76.64833 37.20297),353730.0,4118670.0,0.0355232407407407,0.0535326851851851,0.0909988888888888,0.0858995061728395,0.0548540432098765,81,81,81,81,81,2018-07-08T15:45:58.016739Z,0.76,32618,122.17469661,65.77687918,1.9501867058225735
198,457144,LE5.1,2019-01-08,09:45:00,1,D,S1,CHLA,,1.51,UG/L,L01,VADCLS,,,,,37.20297,-76.64833,POINT (-76.64833 37.20297),353730.0,4118670.0,0.0467310185185185,0.0534016358024691,0.0832306481481481,0.0849404012345678,0.0148928086419753,81,81,81,81,81,2019-01-09T15:40:31.422094Z,24.72,32618,156.70543705,26.82681203,0.412109650826833
200,422074,RET5.2,2016-02-17,10:15:00,1,D,FS1,CHLA,,2.62,UG/L,L01,VADCLS,,,,,37.20294,-76.78219,POINT (-76.78219 37.20294),341850.0,4118880.0,0.0427991975308642,0.0523919444444444,0.0825529938271604,0.0873118518518518,0.0217226543209876,81,81,81,81,81,2016-02-18T15:40:33.373158Z,0.44,32618,150.42881455,35.89906026,0.9631743177730056
201,422074,RET5.2,2016-02-17,10:15:00,1,D,FS2,CHLA,,2.76,UG/L,L01,VADCLS,,,,,37.20294,-76.78219,POINT (-76.78219 37.20294),341850.0,4118880.0,0.0427991975308642,0.0523919444444444,0.0825529938271604,0.0873118518518518,0.0217226543209876,81,81,81,81,81,2016-02-18T15:40:33.373158Z,0.44,32618,150.42881455,35.89906026,1.0152306797290584
204,422077,RET5.2,2016-06-09,11:00:00,1,D,S1,CHLA,,27.0,UG/L,L01,VADCLS,,,,,37.20294,-76.78219,POINT (-76.78219 37.20294),341850.0,4118880.0,0.0253254938271604,0.0323624382716049,0.0532532716049382,0.0467795679012345,0.0196116049382716,81,81,81,81,81,2016-06-09T15:40:21.409786Z,37.4,32618,123.6512205,67.21985293,3.295836866004329
207,422145,TF5.5,2016-05-12,11:50:00,1,D,S1,CHLA,,5.5,UG/L,L01,VADCLS,,,,,37.31265,-77.23283,POINT (-77.23283 37.31265),302130.0,4131900.0,0.0232757352941176,0.0308576470588235,0.0471295588235294,0.0434186764705882,0.0293386764705882,17,17,17,17,17,2016-05-15T15:46:24.145913Z,24.77,32618,131.36763977,64.76090247,1.7047480922384253
210,422148,TF5.5A,2016-04-14,11:30:00,1,D,S1,CHLA,,17.4,UG/L,L01,VADCLS,,,,,37.30165,-77.1284,POINT (-77.1284 37.30165),311370.0,4130460.0,0.0043864506172839,0.0142046296296296,0.0423768518518518,0.0340806790123456,0.0117927777777777,81,81,81,81,81,2016-04-13T15:46:26.778206Z,0.04,32618,140.95197458,56.19542478,2.856470206220483
220,425694,RET5.2,2016-11-01,10:15:00,1,D,S1,CHLA,,7.48,UG/L,L01,VADCLS,,,,,37.20294,-76.78219,POINT (-76.78219 37.20294),341850.0,4118880.0,0.0047548148148148,0.0160074074074074,0.048775524691358,0.0471088888888888,0.0048719444444444,81,81,81,81,81,2016-10-31T15:41:01.066350Z,45.13,32618,160.2573155,35.89526039,2.012232791986386
234,458688,RET5.2,2019-10-24,09:30:00,1,D,S1,CHLA,,3.95,UG/L,L01,VADCLS,,,,,37.20294,-76.78219,POINT (-76.78219 37.20294),341850.0,4118880.0,0.0086900308641975,0.0186711728395061,0.0429906790123456,0.0280945061728395,-0.0005014197530864,81,81,81,81,81,2019-10-24T15:41:03.930653Z,1.19,32618,159.18816445,38.34034027,1.3737155789130306
254,462550,RET5.2,2020-07-07,10:00:00,1,D,S1,CHLA,,17.4,UG/L,L01,VADCLS,,,,,37.20294,-76.78219,POINT (-76.78219 37.20294),341850.0,4118880.0,0.0202118518518518,0.0307012345679012,0.0576821296296296,0.0424658024691358,0.0243433024691358,81,81,81,81,81,2020-07-06T15:40:29.252926Z,24.64,32618,122.21350747,66.03619118,2.856470206220483
265,429467,LE5.1,2017-06-06,10:30:00,1,D,S1,CHLA,,10.9,UG/L,L01,VADCLS,,,,,37.20297,-76.64833,POINT (-76.64833 37.20297),353730.0,4118670.0,0.0809695886075949,0.091415411392405,0.1183024050632911,0.1114336708860759,0.0903049683544303,79,79,79,79,79,2017-06-03T15:46:28.375625Z,5.56,32618,125.20657575,66.96090175,2.388762789235098
269,429525,RET5.2,2017-06-06,10:50:00,1,D,S1,CHLA,,24.3,UG/L,L01,VADCLS,,,,,37.20294,-76.78219,POINT (-76.78219 37.20294),341850.0,4118880.0,0.0165295679012345,0.0247371296296296,0.0486329320987654,0.0377626234567901,0.0213929938271604,81,81,81,81,81,2017-06-03T15:46:28.375625Z,5.56,32618,125.20657575,66.96090175,3.190476350346503
275,429601,TF5.5A,2017-03-01,11:30:00,1,D,S1,CHLA,,20.0,UG/L,L01,VADCLS,,,,,37.30165,-77.1284,POINT (-77.1284 37.30165),311370.0,4130460.0,0.0266427777777777,0.0297906790123456,0.0470949691358024,0.0364375308641975,0.0140878395061728,81,81,81,81,81,2017-02-27T15:46:42.953478Z,56.23,32618,148.94069816,39.28330954,2.995732273553991
277,429845,RET5.2,2017-08-01,10:45:00,1,D,S1,CHLA,,6.21,UG/L,L01,VADCLS,,,,,37.20294,-76.78219,POINT (-76.78219 37.20294),341850.0,4118880.0,0.0043920312499999,0.0159451249999999,0.0412392812499999,0.0282224999999999,0.0033095624999999,80,80,80,80,80,2017-07-30T15:40:37.264411Z,12.58,32618,128.45958716,62.74575583,1.8261608959453874
278,429846,RET5.2,2017-09-07,10:00:00,1,D,S1,CHLA,,9.84,UG/L,L01,VADCLS,,,,,37.20294,-76.78219,POINT (-76.78219 37.20294),341850.0,4118880.0,0.0015610802469135,0.0169797530864197,0.0546954938271605,0.0464770679012345,0.0121889814814814,81,81,81,81,81,2017-09-07T15:46:57.596694Z,1.32,32618,145.0944741,53.47338869,2.286455711064162
286,447259,RET5.2,2017-11-01,10:00:00,1,D,S1,CHLA,,3.92,UG/L,L01,VADCLS,,,,,37.20294,-76.78219,POINT (-76.78219 37.20294),341850.0,4118880.0,0.0095170679012345,0.0217029629629629,0.0514274074074074,0.0409281790123456,0.0025089814814814,81,81,81,81,81,2017-11-03T15:40:57.668743Z,0.07,32618,160.53227085,35.05374846,1.366091653802371
289,394444,RET5.2,2013-11-06,10:20:00,1,D,S1,CHLA,,4.15,UG/L,L01,VADCLS,,,,,37.20294,-76.78219,POINT (-76.78219 37.20294),341850.0,4118880.0,0.0232796296296296,0.0321193518518518,0.0564941975308641,0.0482632098765432,0.006527037037037,81,81,81,81,81,2013-11-08T15:42:24.810989Z,2.3,32618,161.36655535,33.70210393,1.423108334242607
296,394493,TF5.5A,2013-12-03,12:15:00,1,D,S1,CHLA,,7.39,UG/L,L01,VADCLS,,,,,37.30165,-77.1284,POINT (-77.1284 37.30165),311370.0,4130460.0,0.0026278086419753,0.0114637962962962,0.0381221604938271,0.0376224074074074,0.0038364506172839,81,81,81,81,81,2013-12-01T15:48:28.292876Z,9.76,32618,161.5119596,28.39152253,2.0001277349601105
300,394604,RET5.2,2014-05-06,10:55:00,1,D,S1,CHLA,,14.8,UG/L,L01,VADCLS,,,,,37.20294,-76.78219,POINT (-76.78219 37.20294),341850.0,4118880.0,0.0367505555555555,0.0393403086419753,0.0527331481481481,0.0418088580246913,0.0161333641975308,81,81,81,81,81,2014-05-03T15:40:21.129665Z,28.58,32618,135.60109115,62.06425985,2.6946271807700692
301,394663,TF5.5,2014-01-15,13:45:00,1,D,S1,CHLA,,1.5,UG/L,L01,VADCLS,,,,,37.31265,-77.23283,POINT (-77.23283 37.31265),302130.0,4131900.0,0.0359642592592592,0.0437335185185185,0.0746581172839506,0.084644012345679,0.018756049382716,81,81,81,81,81,2014-01-18T15:47:59.659437Z,13.56,32618,155.5423974,28.16766098,0.4054651081081644
305,394667,TF5.5A,2014-01-15,13:10:00,1,D,S1,CHLA,,1.55,UG/L,L01,VADCLS,,,,,37.30165,-77.1284,POINT (-77.1284 37.30165),311370.0,4130460.0,0.0317547222222222,0.0401025,0.0733890432098765,0.085105061728395,0.018144598765432,81,81,81,81,81,2014-01-18T15:47:59.659437Z,13.56,32618,155.5423974,28.16766098,0.4382549309311553
309,394716,RET5.2,2014-06-03,11:00:00,1,D,S1,CHLA,,20.7,UG/L,L01,VADCLS,,,,,37.20294,-76.78219,POINT (-76.78219 37.20294),341850.0,4118880.0,0.03842121875,0.04997328125,0.0780861875,0.0720079999999999,0.06584284375,80,80,80,80,80,2014-06-04T15:40:18.460140Z,30.28,32618,125.00071915,67.00086486,3.0301337002713233
320,462597,TF5.5A,2020-09-01,11:05:00,1,D,S1,CHLA,,35.7,UG/L,L01,VADCLS,,,,,37.30165,-77.1284,POINT (-77.1284 37.30165),311370.0,4130460.0,0.0183421913580246,0.0227870061728395,0.0418621604938271,0.0398662037037037,0.0134213888888888,81,81,81,81,81,2020-08-30T15:46:59.543250Z,20.32,32618,141.80657173,55.6759987,3.5751506887855933
328,583835,RET5.2,2021-02-04,10:30:00,1,D,S1,CHLA,,2.94,UG/L,L01,VADCLS,,,,,37.20294,-76.78219,POINT (-76.78219 37.20294),341850.0,4118880.0,0.0259019753086419,0.0360881790123456,0.0679871604938271,0.0665676851851851,0.0092379938271604,81,81,81,81,81,2021-02-06T15:46:57.748197Z,36.18,32618,152.21663188,32.4668646,1.0784095813505903
332,583875,TF5.5,2021-03-11,11:50:00,1,D,S1,CHLA,,2.62,UG/L,L01,VADCLS,,,,,37.31265,-77.23283,POINT (-77.23283 37.31265),302130.0,4131900.0,0.0075958024691357,0.0196771296296296,0.0531147530864197,0.0435383024691358,-0.0001873765432098,81,81,81,81,81,2021-03-10T15:46:44.873861Z,0.03,32618,147.31541771,43.41054681,0.9631743177730056
334,583877,TF5.5A,2021-02-03,11:00:00,1,D,S1,CHLA,,2.92,UG/L,L01,VADCLS,,,,,37.30165,-77.1284,POINT (-77.1284 37.30165),311370.0,4130460.0,0.026868549382716,0.0355877469135802,0.0666467901234567,0.0640285185185185,0.0086163580246913,81,81,81,81,81,2021-02-06T15:46:57.748197Z,36.18,32618,152.21663188,32.4668646,1.0715836162801904
335,583878,TF5.5A,2021-03-11,11:25:00,1,D,S1,CHLA,,3.61,UG/L,L01,VADCLS,,,,,37.30165,-77.1284,POINT (-77.1284 37.30165),311370.0,4130460.0,0.0328058333333333,0.0396883024691357,0.0657647530864197,0.0614082098765432,0.0123186728395061,81,81,81,81,81,2021-03-10T15:46:44.873861Z,0.03,32618,147.31541771,43.41054681,1.2837077723447896
336,587703,RET5.2,2021-04-06,10:00:00,1,D,S1,CHLA,,15.7,UG/L,L01,VADCLS,,,,,37.20294,-76.78219,POINT (-76.78219 37.20294),341850.0,4118880.0,0.0305593209876543,0.036787561728395,0.0567980555555555,0.0494609876543209,0.0168079629629629,81,81,81,81,81,2021-04-04T15:40:25.571088Z,18.07,32618,143.0009455,52.9368095,2.7536607123542622
355,395318,LE5.1,2015-02-04,10:30:00,1,D,S1,CHLA,,5.68,UG/L,L01,VADCLS,,,,,37.20297,-76.64833,POINT (-76.64833 37.20297),353730.0,4118670.0,0.0028359259259259,0.0166976234567901,0.0539227777777777,0.0405245061728395,-0.0006701543209876,81,81,81,81,81,2015-02-06T15:46:45.651144Z,7.54,32618,152.22834398,32.29035814,1.7369512327330598
356,395343,RET5.2,2015-02-04,11:00:00,1,D,S1,CHLA,,2.72,UG/L,L01,VADCLS,,,,,37.20294,-76.78219,POINT (-76.78219 37.20294),341850.0,4118880.0,0.0300038888888888,0.0424376234567901,0.0779136419753086,0.0814883024691358,0.0165546913580246,81,81,81,81,81,2015-02-06T15:46:45.651144Z,7.54,32618,152.22834398,32.29035814,1.000631880307906
359,395374,TF5.5,2015-02-03,13:00:00,1,D,S1,CHLA,,2.67,UG/L,L01,VADCLS,,,,,37.31265,-77.23283,POINT (-77.23283 37.31265),302130.0,4131900.0,0.0272654320987654,0.0330400925925925,0.0539207407407407,0.0513479629629629,0.0103233950617283,81,81,81,81,81,2015-02-06T15:46:45.651144Z,7.54,32618,152.22834398,32.29035814,0.9820784724121582
362,395377,TF5.5A,2015-02-03,12:30:00,1,D,S1,CHLA,,3.49,UG/L,L01,VADCLS,,,,,37.30165,-77.1284,POINT (-77.1284 37.30165),311370.0,4130460.0,0.0245643209876543,0.0313371296296296,0.0556396604938271,0.0545776851851851,0.0110842283950617,81,81,81,81,81,2015-02-06T15:46:45.651144Z,7.54,32618,152.22834398,32.29035814,1.2499017362143359
364,395416,LE5.1,2013-09-04,10:15:00,1,D,S1,CHLA,,3.2,UG/L,L01,VADCLS,,,,,37.20297,-76.64833,POINT (-76.64833 37.20297),353730.0,4118670.0,0.0070525925925925,0.0189173148148148,0.0489758333333333,0.0334366358024691,-0.0020281790123456,81,81,81,81,81,2013-09-05T15:42:41.961130Z,0.98,32618,144.92043391,54.27336745,1.1631508098056809
383,448743,TF5.5A,2018-04-17,11:45:00,1,D,S1,CHLA,,16.8,UG/L,L01,VADCLS,,,,,37.30165,-77.1284,POINT (-77.1284 37.30165),311370.0,4130460.0,0.0280401851851851,0.0377599074074074,0.0716616358024691,0.0766999074074074,0.0224984259259259,81,81,81,81,81,2018-04-19T15:46:06.888633Z,45.81,32618,139.48299198,57.98478388,2.8213788864092133
384,449300,RET5.2,2018-05-01,10:30:00,1,D,S1,CHLA,,8.88,UG/L,L01,VADCLS,,,,,37.20294,-76.78219,POINT (-76.78219 37.20294),341850.0,4118880.0,0.033936049382716,0.0424647839506172,0.0696643209876543,0.0660030864197531,0.0173284259259259,81,81,81,81,81,2018-04-28T15:39:51.572333Z,1.52,32618,136.94258451,60.67680546,2.1838015570040787
390,450484,RET5.2,2018-07-10,10:00:00,1,D,S1,CHLA,,16.8,UG/L,L01,VADCLS,,,,,37.20294,-76.78219,POINT (-76.78219 37.20294),341850.0,4118880.0,0.0594862654320987,0.0693784567901234,0.0976593209876543,0.0924438271604938,0.0643649691358024,81,81,81,81,81,2018-07-08T15:45:58.016739Z,0.76,32618,122.17469661,65.77687918,2.8213788864092133
391,450485,RET5.2,2018-08-07,10:00:00,1,D,S1,CHLA,,17.5,UG/L,L01,VADCLS,,,,,37.20294,-76.78219,POINT (-76.78219 37.20294),341850.0,4118880.0,0.0268282499999999,0.0419999999999999,0.0780635,0.0695,0.0621904999999999,10,10,10,10,10,2018-08-09T15:46:13.796659Z,10.01,32618,132.12056029,60.78241095,2.8622008809294686
392,450511,TF5.5,2018-07-10,12:10:00,1,D,S1,CHLA,,30.4,UG/L,L01,VADCLS,,,,,37.31265,-77.23283,POINT (-77.23283 37.31265),302130.0,4131900.0,0.0010253395061728,0.0103879012345679,0.0346496913580246,0.0286995061728395,0.0176930555555555,81,81,81,81,81,2018-07-08T15:45:58.016739Z,0.76,32618,122.17469661,65.77687918,3.414442608412176
398,587796,TF5.5,2021-09-02,11:30:00,1,D,S1,CHLA,,64.2,UG/L,L01,VADCLS,,,,,37.31265,-77.23283,POINT (-77.23283 37.31265),302130.0,4131900.0,0.0134016975308641,0.0179008333333333,0.0351175308641975,0.0297621604938271,0.0138131790123456,81,81,81,81,81,2021-09-02T15:47:05.015489Z,9.87,32618,143.03178797,54.91997247,4.162003210695915
402,587802,TF5.5A,2021-09-02,11:05:00,1,D,S1,CHLA,,57.9,UG/L,L01,VADCLS,,,,,37.30165,-77.1284,POINT (-77.1284 37.30165),311370.0,4130460.0,0.0067528086419753,0.0136814506172839,0.0344198456790123,0.0298012037037037,0.0159880555555555,81,81,81,81,81,2021-09-02T15:47:05.015489Z,9.87,32618,143.03178797,54.91997247,4.05871738457895
403,596870,RET5.2,2021-11-04,09:30:00,1,D,S1,CHLA,,8.56,UG/L,L01,VADCLS,,,,,37.20294,-76.78219,POINT (-76.78219 37.20294),341850.0,4118880.0,0.0236086111111111,0.0321920061728395,0.0580773148148148,0.0605594444444444,0.0177704629629629,81,81,81,81,81,2021-11-05T15:47:15.526728Z,6.43,32618,160.77726274,34.46436741,2.1471001901536506
404,596871,RET5.2,2021-12-15,09:30:00,1,D,S1,CHLA,,2.7,UG/L,L01,VADCLS,,,,,37.20294,-76.78219,POINT (-76.78219 37.20294),341850.0,4118880.0,0.0347046913580246,0.0429849074074074,0.0639409259259259,0.0527005555555555,0.0155249691358024,81,81,81,81,81,2021-12-16T15:41:00.470472Z,4.5,32618,160.02474434,26.48927594,0.9932517730102834
409,596916,TF5.5A,2021-11-04,11:25:00,1,D,S1,CHLA,,48.1,UG/L,L01,VADCLS,,,,,37.30165,-77.1284,POINT (-77.1284 37.30165),311370.0,4130460.0,0.0020102469135802,0.0099682716049382,0.0348791975308642,0.0305664506172839,0.0086207716049382,81,81,81,81,81,2021-11-05T15:47:15.526728Z,6.43,32618,160.77726274,34.46436741,3.8732821771117156
416,608755,RET5.2,2022-03-16,09:15:00,1,D,S1,CHLA,,23.5,UG/L,L01,VADCLS,,,,,37.20294,-76.78219,POINT (-76.78219 37.20294),341850.0,4118880.0,0.0270603703703703,0.0365112037037037,0.0679097530864197,0.0657012654320987,0.0166826851851851,81,81,81,81,81,2022-03-13T15:46:47.953712Z,1.85,32618,146.87782545,44.46277967,3.1570004211501135
419,457219,RET5.2,2019-05-07,10:00:00,1,D,S1,CHLA,,34.1,UG/L,L01,VADCLS,,,,,37.20294,-76.78219,POINT (-76.78219 37.20294),341850.0,4118880.0,0.0263345061728395,0.0361251851851851,0.0707072839506172,0.0565804320987654,0.0312335802469135,81,81,81,81,81,2019-05-08T15:46:20.808934Z,27.51,32618,133.99947107,63.19956274,3.529297384289471
422,395442,RET5.2,2013-09-04,10:40:00,1,D,S1,CHLA,,5.73,UG/L,L01,VADCLS,,,,,37.20294,-76.78219,POINT (-76.78219 37.20294),341850.0,4118880.0,0.0211892901234567,0.0310804629629629,0.0584928703703703,0.0526537037037037,0.0083050308641975,81,81,81,81,81,2013-09-05T15:42:41.961130Z,0.98,32618,144.92043391,54.27336745,1.7457155307266483
427,415073,TF5.5,2015-11-03,12:00:00,1,D,S1,CHLA,,11.4,UG/L,L01,VADCLS,,,,,37.31265,-77.23283,POINT (-77.23283 37.31265),302130.0,4131900.0,0.005004012345679,0.0135510802469135,0.0452704629629629,0.0357849999999999,0.0142154938271604,81,81,81,81,81,2015-11-05T15:46:57.863683Z,76.66,32618,160.64947268,34.60713058,2.4336133554004498
435,415222,TF5.5,2015-09-17,12:40:00,1,D,S1,CHLA,,42.2,UG/L,L01,VADCLS,,,,,37.31265,-77.23283,POINT (-77.23283 37.31265),302130.0,4131900.0,0.0193454320987654,0.0222835185185185,0.0382908950617283,0.0286533333333333,0.0117914197530864,81,81,81,81,81,2015-09-18T15:46:48.349171Z,1.3,32618,149.17346779,50.23592632,3.742420221041966
438,415225,TF5.5A,2015-09-17,12:05:00,1,D,S1,CHLA,,38.3,UG/L,L01,VADCLS,,,,,37.30165,-77.1284,POINT (-77.1284 37.30165),311370.0,4130460.0,0.0001266666666666,0.0071503703703703,0.0299879320987654,0.020306574074074,0.0041650925925925,81,81,81,81,81,2015-09-18T15:46:48.349171Z,1.3,32618,149.17346779,50.23592632,3.6454498961866
441,416849,RET5.2,2015-05-06,10:20:00,1,D,S1,CHLA,,16.9,UG/L,L01,VADCLS,,,,,37.20294,-76.78219,POINT (-76.78219 37.20294),341850.0,4118880.0,0.0024832051282051,0.015839391025641,0.0617058653846153,0.0452520512820512,0.035691923076923,78,78,78,78,78,2015-05-06T15:39:47.603585Z,71.28,32618,134.44930908,62.65192148,2.8273136219290276
447,422016,LE5.1,2016-02-17,09:45:00,1,D,S1,CHLA,,4.77,UG/L,L01,VADCLS,,,,,37.20297,-76.64833,POINT (-76.64833 37.20297),353730.0,4118670.0,0.049943086419753,0.0584626543209876,0.0903273456790123,0.0897376234567901,0.0188796296296296,81,81,81,81,81,2016-02-18T15:40:33.373158Z,0.44,32618,150.42881455,35.89906026,1.5623463049002497
449,422019,LE5.1,2016-06-09,10:25:00,1,D,S1,CHLA,,10.0,UG/L,L01,VADCLS,,,,,37.20297,-76.64833,POINT (-76.64833 37.20297),353730.0,4118670.0,0.045331574074074,0.0541431172839506,0.0817646604938271,0.0792248148148148,0.0321173148148148,81,81,81,81,81,2016-06-09T15:40:21.409786Z,37.4,32618,123.6512205,67.21985293,2.302585092994046
450,608788,TF5.5,2022-02-09,12:00:00,1,D,S1,CHLA,,5.93,UG/L,L01,VADCLS,,,,,37.31265,-77.23283,POINT (-77.23283 37.31265),302130.0,4131900.0,0.0316528703703703,0.0404715432098765,0.0731605555555555,0.0784660185185185,0.0143801543209876,81,81,81,81,81,2022-02-09T15:46:57.683744Z,0.03,32618,151.77929997,33.25944245,1.780024213009634
452,608790,TF5.5A,2022-02-09,11:30:00,1,D,S1,CHLA,,7.62,UG/L,L01,VADCLS,,,,,37.30165,-77.1284,POINT (-77.1284 37.30165),311370.0,4130460.0,0.0276854012345678,0.0365275,0.0695173148148148,0.0736949382716049,0.0129593209876543,81,81,81,81,81,2022-02-09T15:46:57.683744Z,0.03,32618,151.77929997,33.25944245,2.030776369698555
465,450512,TF5.5,2018-08-07,11:40:00,1,D,S1,CHLA,,41.6,UG/L,L01,VADCLS,,,,,37.31265,-77.23283,POINT (-77.23283 37.31265),302130.0,4131900.0,0.0280982407407407,0.0325973765432098,0.0547742592592592,0.0499203395061728,0.0215481481481481,81,81,81,81,81,2018-08-09T15:46:13.796659Z,10.01,32618,132.12056029,60.78241095,3.728100167267218
466,450513,TF5.5A,2018-07-10,11:45:00,1,D,S1,CHLA,,30.5,UG/L,L01,VADCLS,,,,,37.30165,-77.1284,POINT (-77.1284 37.30165),311370.0,4130460.0,0.0349046604938271,0.0397083333333333,0.0588208333333333,0.0550400925925925,0.0403313271604938,81,81,81,81,81,2018-07-08T15:45:58.016739Z,0.76,32618,122.17469661,65.77687918,3.417726683613366
467,450514,TF5.5A,2018-08-07,11:10:00,1,D,S1,CHLA,,56.8,UG/L,L01,VADCLS,,,,,37.30165,-77.1284,POINT (-77.1284 37.30165),311370.0,4130460.0,0.0311276543209876,0.0363791358024691,0.0583071604938271,0.0508716358024691,0.035696049382716,81,81,81,81,81,2018-08-09T15:46:13.796659Z,10.01,32618,132.12056029,60.78241095,4.039536325727106
468,451246,RET5.2,2018-09-05,10:30:00,1,D,S1,CHLA,,13.9,UG/L,L01,VADCLS,,,,,37.20294,-76.78219,POINT (-76.78219 37.20294),341850.0,4118880.0,0.0029841666666666,0.0127024999999999,0.0452374999999999,0.0281374999999999,-0.0049583333333333,33,33,33,33,33,2018-09-03T15:40:14.175702Z,9.17,32618,143.10649942,54.64139305,2.631888840136646
478,457215,RET5.2,2019-01-08,10:00:00,1,D,S1,CHLA,,1.25,UG/L,L01,VADCLS,,,,,37.20294,-76.78219,POINT (-76.78219 37.20294),341850.0,4118880.0,0.0368945061728395,0.0465510802469135,0.0784317283950617,0.0865612037037037,0.0155422839506172,81,81,81,81,81,2019-01-09T15:40:31.422094Z,24.72,32618,156.70543705,26.82681203,0.22314355131420976
495,30212,TF5.6,2013-04-02,12:00:00,1,D,S1,CHLA,,4.16,UG/L,L01,VADCLS,,,,,37.27272,-76.99057,POINT (-76.99057 37.27272),323520.0,4126980.0,0.0300582098765432,0.037760586419753,0.0631213580246913,0.0632204938271605,0.019272098765432,81,81,81,81,81,2013-04-02T15:50:17.763832Z,2.12,32618,144.06325479,52.39250975,1.425515074273172
498,394603,RET5.2,2014-04-01,10:25:00,1,D,S1,CHLA,,19.5,UG/L,L01,VADCLS,,,,,37.20294,-76.78219,POINT (-76.78219 37.20294),341850.0,4118880.0,0.0017973765432098,0.0206623765432098,0.0660947530864197,0.0532953703703703,0.0178247839506172,81,81,81,81,81,2014-04-01T15:40:52.986512Z,11.85,32618,143.79021066,51.76046784,2.970414465569701
501,462552,RET5.2,2020-09-01,10:00:00,1,D,S1,CHLA,,8.24,UG/L,L01,VADCLS,,,,,37.20294,-76.78219,POINT (-76.78219 37.20294),341850.0,4118880.0,0.0276755555555555,0.0362093827160493,0.0633817592592592,0.066549012345679,0.0247968827160493,81,81,81,81,81,2020-08-30T15:46:59.543250Z,20.32,32618,141.80657173,55.6759987,2.1090003439213802
504,587706,RET5.2,2021-07-07,09:30:00,1,D,S1,CHLA,,12.5,UG/L,L01,VADCLS,,,,,37.20294,-76.78219,POINT (-76.78219 37.20294),341850.0,4118880.0,0.0319119135802469,0.0384599691358024,0.058483024691358,0.0458866666666666,0.0165825308641975,81,81,81,81,81,2021-07-09T15:40:34.569441Z,23.47,32618,122.6571575,65.76701753,2.5257286443082556
513,448747,TF5.6,2018-04-17,11:15:00,1,D,S1,CHLA,,15.8,UG/L,L01,VADCLS,,,,,37.27272,-76.99057,POINT (-76.99057 37.27272),323520.0,4126980.0,0.0339920679012345,0.0411549691358024,0.0679616975308642,0.0675682098765432,0.0256592283950617,81,81,81,81,81,2018-04-19T15:46:06.888633Z,45.81,32618,139.48299198,57.98478388,2.760009940032921
516,450515,TF5.6,2018-07-10,11:15:00,1,D,S1,CHLA,,23.9,UG/L,L01,VADCLS,,,,,37.27272,-76.99057,POINT (-76.99057 37.27272),323520.0,4126980.0,0.0454018518518518,0.0525562654320987,0.0713727160493827,0.0681436728395061,0.0538732098765432,81,81,81,81,81,2018-07-08T15:45:58.016739Z,0.76,32618,122.17469661,65.77687918,3.173878458937465
534,608754,RET5.2,2022-02-08,09:30:00,1,D,S1,CHLA,,15.077,UG/L,L01,VADCLS,,,,Value and uncensored value corrected per DEQ request after volume filtered correction was applied.,37.20294,-76.78219,POINT (-76.78219 37.20294),341850.0,4118880.0,0.0275190432098765,0.0369182716049382,0.0671526543209876,0.0710359259259259,0.0160929629629629,81,81,81,81,81,2022-02-09T15:46:57.683744Z,0.03,32618,151.77929997,33.25944245,2.7131704037967816
535,621235,RET5.2,2022-08-02,09:45:00,1,D,S1,CHLA,,8.04,UG/L,L01,VADCLS,,,,,37.20294,-76.78219,POINT (-76.78219 37.20294),341850.0,4118880.0,0.0215637654320987,0.0323172839506172,0.061051049382716,0.0501413580246913,0.0262211111111111,81,81,81,81,81,2022-08-04T15:47:18.288241Z,13.38,32618,130.43026369,61.90793233,2.0844290831908747
536,621237,RET5.2,2022-09-20,09:30:00,1,D,S1,CHLA,,11.0,UG/L,L01,VADCLS,,,,,37.20294,-76.78219,POINT (-76.78219 37.20294),341850.0,4118880.0,0.0113568518518518,0.0169199999999999,0.035230586419753,0.0226036728395061,0.0062136728395061,81,81,81,81,81,2022-09-21T15:47:29.908335Z,2.85,32618,150.57631607,49.2320048,2.3978952727983707
539,429522,RET5.2,2017-02-01,11:00:00,1,D,S1,CHLA,,21.4,UG/L,L01,VADCLS,,,,,37.20294,-76.78219,POINT (-76.78219 37.20294),341850.0,4118880.0,0.0012983024691357,0.015081574074074,0.0533989197530864,0.0501026543209876,0.000580586419753,81,81,81,81,81,2017-02-04T15:40:40.723426Z,0.25,32618,152.49922693,31.89388594,3.0633909220278057
